{
  "$schema": "./node_modules/@angular/cli/lib/config/schema.json",
  "project": {
    "name": "oauth-implicit"
  },
  "apps": [
    {
      "root": "src",
      "outDir": "../../../target/resources",
      "assets": [
        "assets"
      ],
      "index": "index.html",
      "main": "main.ts",
      "polyfills": "polyfills.ts",
      "tsconfig": "tsconfig.app.json",
      "testTsconfig": "tsconfig.spec.json",
      "prefix": "app",
      "styles": [],
      "scripts": [],
      "environmentSource": "environments/environment.ts",
      "environments": {
        "dev": "environments/environment.ts",
        "prod": "environments/environment.prod.ts"
      }
    }
  ],
  "lint": [
    {
      "project": "src/tsconfig.app.json"
    },
    {
      "project": "src/tsconfig.spec.json"
    },
    {
      "project": "e2e/tsconfig.e2e.json"
    }
  ],
  "defaults": {
    "styleExt": "css",
    "component": {}
  }
}
